{"cameraMode":{"drawMode":0,"name":"Shaded","section":"Shading Mode"},"sceneLighting":false,"audioPlay":false,"sceneViewState":{"m_AlwaysRefresh":false,"showFog":true,"showSkybox":false,"showFlares":true,"showImageEffects":true,"showParticleSystems":true,"showVisualEffectGraphs":true,"m_FxEnabled":true},"in2DMode":false,"pivot":{"x":1.5139532089233399,"y":-0.4823697507381439,"z":1.9759166240692139},"rotation":{"x":0.16203807294368745,"y":-0.7543296217918396,"z":0.20268726348876954,"w":0.6030393242835999},"size":0.6914003491401672,"orthographic":true}