{"cameraMode":{"drawMode":0,"name":"Shaded","section":"Shading Mode"},"sceneLighting":true,"audioPlay":false,"sceneViewState":{"m_AlwaysRefresh":false,"showFog":true,"showSkybox":true,"showFlares":true,"showImageEffects":true,"showParticleSystems":true,"showVisualEffectGraphs":true,"m_FxEnabled":true},"in2DMode":false,"pivot":{"x":-171.06056213378907,"y":4.085227966308594,"z":106.42122650146485},"rotation":{"x":-0.5578101873397827,"y":-0.046745408326387408,"z":0.031511127948760989,"w":-0.8280656933784485},"size":18.54261589050293,"orthographic":false}