{"cameraMode":{"drawMode":0,"name":"Shaded","section":"Shading Mode"},"sceneLighting":true,"audioPlay":false,"sceneViewState":{"m_AlwaysRefresh":false,"showFog":true,"showSkybox":true,"showFlares":true,"showImageEffects":true,"showParticleSystems":true,"showVisualEffectGraphs":true,"m_FxEnabled":true},"in2DMode":false,"pivot":{"x":64.4666519165039,"y":16.701461791992189,"z":-69.32246398925781},"rotation":{"x":0.09256721287965775,"y":0.8910802602767944,"z":-0.21102985739707948,"w":0.39130744338035586},"size":1.6760038137435914,"orthographic":true}