{"cameraMode":{"drawMode":0,"name":"Shaded","section":"Shading Mode"},"sceneLighting":true,"audioPlay":false,"sceneViewState":{"m_AlwaysRefresh":false,"showFog":true,"showSkybox":true,"showFlares":true,"showImageEffects":true,"showParticleSystems":true,"showVisualEffectGraphs":true,"m_FxEnabled":true},"in2DMode":false,"pivot":{"x":110.76664733886719,"y":16.701461791992189,"z":-23.322460174560548},"rotation":{"x":0.019850285723805429,"y":-0.9741739630699158,"z":0.2045869678258896,"w":0.09462809562683106},"size":2.086139440536499,"orthographic":true}