{"cameraMode":{"drawMode":0,"name":"Shaded","section":"Shading Mode"},"sceneLighting":true,"audioPlay":false,"sceneViewState":{"m_AlwaysRefresh":false,"showFog":true,"showSkybox":true,"showFlares":true,"showImageEffects":true,"showParticleSystems":true,"showVisualEffectGraphs":true,"m_FxEnabled":true},"in2DMode":false,"pivot":{"x":331.93450927734377,"y":183.79368591308595,"z":-17.434356689453126},"rotation":{"x":-0.13012473285198213,"y":-0.01747889816761017,"z":0.0022683050483465196,"w":-0.9914504885673523},"size":231.6597442626953,"orthographic":true}