{"cameraMode":{"drawMode":0,"name":"Shaded","section":"Shading Mode"},"sceneLighting":true,"audioPlay":false,"sceneViewState":{"m_AlwaysRefresh":false,"showFog":true,"showSkybox":true,"showFlares":true,"showImageEffects":true,"showParticleSystems":true,"showVisualEffectGraphs":true,"m_FxEnabled":true},"in2DMode":false,"pivot":{"x":-92.9511947631836,"y":16.701461791992189,"z":-163.12745666503907},"rotation":{"x":-0.01734696701169014,"y":-0.9671923518180847,"z":0.24439695477485658,"w":-0.06897183507680893},"size":1.3796287775039673,"orthographic":true}